{
    "psnr_list_input_x4": [
        19.061608432962473,
        19.28725432985526,
        17.423610751315486,
        21.730952761472974,
        14.217627985892655,
        17.22734079088971,
        17.14068585772376,
        16.520876925528444,
        19.494319832466203,
        21.675755258098416
    ],
    "psnr_list_x2": [
        22.417948402983647,
        23.74882179128997,
        20.79921946462758,
        25.93213921345807,
        18.78464060901948,
        22.56148687507299,
        20.60861716283494,
        19.690962778181373,
        22.25458051533359,
        23.174729450198924
    ],
    "psnr_list_x4": [
        19.00955418251181,
        20.468609749028754,
        18.482759489991736,
        24.123543379049632,
        14.297218312688889,
        17.65260972042276,
        18.028723609222585,
        17.043717869057893,
        20.372598610836757,
        20.88981775803051
    ],
    "psnr_list_x3": [
        20.866390350444547,
        22.382149278733227,
        19.886293104686533,
        25.12035809377984,
        16.854918071465583,
        20.742991908807475,
        19.540933037412383,
        18.263385105945876,
        21.338647602055335,
        21.46775709274689
    ],
    "psnr_list_gt_x4": [
        Infinity,
        Infinity,
        Infinity,
        Infinity,
        Infinity,
        Infinity,
        Infinity,
        Infinity,
        Infinity,
        Infinity
    ]
}