{
    "psnr_list_x2": [
        17.938542336088112,
        26.383792823447656,
        18.111526570482756,
        26.837453718161953,
        18.188185477705353,
        18.29308664619878,
        22.970383114243486,
        18.35300756074879,
        18.844570061272158,
        26.4639083752917
    ],
    "psnr_list_x4": [
        15.112701751507183,
        24.401763450843386,
        15.046990630972587,
        24.513417172053572,
        15.31124049192342,
        14.89720012190038,
        19.837589954454522,
        16.128355370856667,
        15.481273336091622,
        22.418314838947538
    ],
    "psnr_list_x3": [
        16.624914163776467,
        26.384531777882252,
        16.93017732037738,
        25.688331951751383,
        16.87793925771355,
        16.858254169589596,
        20.89238208747141,
        17.030353407933873,
        16.86937048437071,
        24.597255392849053
    ]
}