{
    "psnr_list_x3": [
        30.344653325711196,
        35.22474730179368,
        35.96590170719167,
        30.229023174275454,
        31.541029336226334,
        34.95929718918043,
        30.076039981396544,
        31.492394982908817,
        35.769141591482715,
        32.814039582042646
    ],
    "psnr_list_gt_x4": [
        100,
        100,
        100,
        100,
        100,
        100,
        100,
        100,
        100,
        100
    ],
    "psnr_list_x2": [
        30.462239896162743,
        35.29251435379947,
        36.26571841972283,
        30.1870286411104,
        31.14678414605644,
        35.526937192432506,
        29.795829706179504,
        31.72967373181306,
        35.6701897422711,
        32.60735048543096
    ],
    "psnr_list_x4": [
        29.280555509173162,
        34.232190334907806,
        34.478675899433895,
        29.322057494032645,
        30.27695487006111,
        33.284990277505685,
        29.46977015197051,
        30.361669607443837,
        34.81774900735354,
        31.730176519413238
    ],
    "psnr_list_input_x4": [
        29.164613904320376,
        33.752975233422475,
        34.665293835363194,
        29.159438246778123,
        29.991926922400943,
        33.059572602884344,
        29.218986361811595,
        30.03115532589856,
        34.15350104494148,
        31.13975445862468
    ]
}