{"psnr_list_x3": [36.78686978233142, 35.68226182220155, 31.59770895019666, 32.28040709799646, 40.25363759662709, 31.331989731764722, 30.27624079218019, 34.14947152003507, 29.900290748345114, 35.24583645475043], "psnr_list_x2": [37.19028533326532, 35.60590081403515, 31.412275498390308, 32.296615667423374, 40.28474210990918, 31.16240233301461, 29.950878580480968, 33.98171662125279, 29.730824652580367, 35.373032663592774], "bicubic_avg_x2": 32.577020618170515, "psnr_avg_x3": 33.7076341211857, "bicubic_avg_x4": 32.06076872232023, "psnr_avg_x2": 33.578764994114934, "psnr_avg_x4": 32.75656415485104, "psnr_list_x4": [35.392931443040546, 34.585084359285695, 30.772395417924493, 31.179869814199016, 39.15852515490758, 30.571057571417274, 29.53507302492138, 33.39683688127074, 29.145155811178665, 34.36165879238771], "psnr_list_input_x4": [34.72557856609384, 32.67777070723972, 30.441790499517122, 30.547788679971724, 38.26235112957511, 30.344449853082146, 29.32132289753442, 32.10760087632877, 28.97583988557459, 32.86986262752052], "psnr_list_gt_x4": [100, 100, 100, 100, 100, 100, 100, 100, 100, 100], "bicubic_avg_x3": 32.948779901410745}